[
  {
    "nume" : "Neutrel1",
    "HP" : 10,
    "normalAttack" : 3,
    "specialAttack" : -1,
    "normalDefense" : 1,
    "specialDefense" : 1,
    "ability1" : {
      "damage" : 0,
      "stun" : 0,
      "dodge" : 0,
      "cooldown" : 0
    },
    "ability2" : {
      "damage" : 0,
      "stun" : 0,
      "dodge" : 0,
      "cooldown" : 0
    },
    "objects" : [],
    "isStun" : false
  },
  {
    "nume" : "Neutrel2",
    "HP" : 20,
    "normalAttack" : 4,
    "specialAttack" : 0,
    "normalDefense" : 1,
    "specialDefense" : 1,
    "ability1" : {
      "damage" : 0,
      "stun" : 0,
      "dodge" : 0,
      "cooldown" : 0
    },
    "ability2" : {
      "damage" : 0,
      "stun" : 0,
      "dodge" : 0,
      "cooldown" : 0
    },
    "objects" : [],
    "isStun" : false
  }

]